{"reportData":{"report":{"fights":[{"averageItemLevel":223.1999969482422,"keystoneAffixes":[10,123,3,121],"keystoneLevel":20,"id":3,"startTime":545389,"endTime":2707896,"keystoneTime":2164007,"friendlyPlayers":[4,3,2,5,1],"encounterID":12291},{"averageItemLevel":223.1999969482422,"keystoneAffixes":[10,123,3,121],"keystoneLevel":21,"id":6,"startTime":3599282,"endTime":5324722,"keystoneTime":1721864,"friendlyPlayers":[4,3,2,5,1],"encounterID":12287},{"averageItemLevel":223.1999969482422,"keystoneAffixes":[10,123,3,121],"keystoneLevel":22,"id":8,"startTime":6376923,"endTime":8202012,"keystoneTime":1841193,"friendlyPlayers":[4,3,2,5,1],"encounterID":12287},{"averageItemLevel":223.1999969482422,"keystoneAffixes":[10,123,3,121],"keystoneLevel":21,"id":10,"startTime":10626564,"endTime":12380434,"keystoneTime":1780627,"friendlyPlayers":[4,3,2,5,1],"encounterID":12286}],"region":{"slug":"EU"},"title":"qwef","startTime":1618687735582,"endTime":1618701657679}}}