{"reportData":{"report":{"fights":[{"averageItemLevel":227.60000610351562,"keystoneAffixes":[10,123,3,121],"keystoneLevel":25,"id":6,"startTime":4624816,"endTime":6235450,"keystoneTime":1627609,"friendlyPlayers":[3,4,17,16,14],"encounterID":12290},{"averageItemLevel":227.39999389648438,"keystoneAffixes":[10,123,3,121],"keystoneLevel":26,"id":10,"startTime":6852683,"endTime":8886917,"keystoneTime":2086102,"friendlyPlayers":[3,17,4,16,14],"encounterID":12286},{"averageItemLevel":227.60000610351562,"keystoneAffixes":[10,123,3,121],"keystoneLevel":25,"id":14,"startTime":10049081,"endTime":12443763,"keystoneTime":2430950,"friendlyPlayers":[3,17,4,16,14],"encounterID":12291},{"averageItemLevel":227.60000610351562,"keystoneAffixes":[10,123,3,121],"keystoneLevel":25,"id":23,"startTime":18671779,"endTime":20995465,"keystoneTime":2350757,"friendlyPlayers":[3,4,17,16,14],"encounterID":12291}],"region":{"slug":"US"},"title":"4/18/2021","startTime":1618787638167,"endTime":1618808633632}}}