{"reportData":{"report":{"fights":[{"averageItemLevel":220.8000030517578,"keystoneAffixes":[9,6,14,121],"keystoneLevel":17,"id":4,"startTime":2957683,"endTime":4850104,"keystoneTime":1888603,"friendlyPlayers":[3,4,1,5,46],"encounterID":12293},{"averageItemLevel":220.39999389648438,"keystoneAffixes":[9,6,14,121],"keystoneLevel":20,"id":8,"startTime":5504565,"endTime":7297348,"keystoneTime":1833866,"friendlyPlayers":[3,4,1,5,6],"encounterID":12287}],"region":{"slug":"EU"},"title":"Mythic+ Dungeons","startTime":1614199078663,"endTime":1614207068488}}}