{"reportData":{"report":{"fights":[{"averageItemLevel":213.39999389648438,"keystoneAffixes":[9,6,13,121],"keystoneLevel":15,"id":1,"startTime":3483899,"endTime":5509276,"keystoneTime":2067272,"friendlyPlayers":[22,5,24,21,20],"encounterID":12293},{"averageItemLevel":216,"keystoneAffixes":[9,6,13,121],"keystoneLevel":15,"id":2,"startTime":6253109,"endTime":7720122,"keystoneTime":1463187,"friendlyPlayers":[79,82,5,80,20],"encounterID":12287},{"averageItemLevel":215.39999389648438,"keystoneAffixes":[9,6,13,121],"keystoneLevel":17,"id":4,"startTime":8514020,"endTime":11283865,"keystoneTime":2811000,"friendlyPlayers":[82,5,116,115,114],"encounterID":12289}],"region":{"slug":"EU"},"title":"sd","startTime":1611080757806,"endTime":1611092217839}}}