{"reportData":{"report":{"fights":[{"averageItemLevel":220.8000030517578,"keystoneAffixes":[9,7,4,121],"keystoneLevel":15,"id":4,"startTime":1989745,"endTime":3307345,"keystoneTime":1318941,"friendlyPlayers":[4,45,46,48,6],"encounterID":12287},{"averageItemLevel":221.1999969482422,"keystoneAffixes":[9,7,4,121],"keystoneLevel":16,"id":5,"startTime":4276492,"endTime":6308740,"keystoneTime":2078413,"friendlyPlayers":[97,4,99,6,98],"encounterID":12293},{"averageItemLevel":220.39999389648438,"keystoneAffixes":[9,7,4,121],"keystoneLevel":17,"id":10,"startTime":7604877,"endTime":9480877,"keystoneTime":1912531,"friendlyPlayers":[4,150,148,149,6],"encounterID":12286}],"region":{"slug":"EU"},"title":"adsf","startTime":1619116993317,"endTime":1619126487765}}}