{"reportData":{"report":{"fights":[{"averageItemLevel":203.86363220214844,"keystoneAffixes":null,"keystoneLevel":null,"id":8,"startTime":2312695,"endTime":2670618,"keystoneTime":null,"friendlyPlayers":[634,633,655,647,664,666,635,640,657,659,662,660,649,648,651,652,636,650,656,72,653,658],"encounterID":2417},{"averageItemLevel":220.60000610351562,"keystoneAffixes":[10,123,3,121],"keystoneLevel":18,"id":35,"startTime":7521613,"endTime":9472183,"keystoneTime":1972317,"friendlyPlayers":[1466,1470,994,72,954],"encounterID":12289},{"averageItemLevel":220.60000610351562,"keystoneAffixes":[10,123,3,121],"keystoneLevel":18,"id":39,"startTime":11678496,"endTime":13803100,"keystoneTime":2216183,"friendlyPlayers":[1466,994,1470,72,954],"encounterID":12293},{"averageItemLevel":220,"keystoneAffixes":[10,123,3,121],"keystoneLevel":19,"id":44,"startTime":28460250,"endTime":30913137,"keystoneTime":2539405,"friendlyPlayers":[2231,994,1470,72,954],"encounterID":12289}],"region":{"slug":"EU"},"title":"Castle Nathria","startTime":1611321892331,"endTime":1611354538308}}}